{"cameraMode":{"drawMode":0,"name":"Shaded","section":"Shading Mode"},"sceneLighting":true,"audioPlay":false,"sceneViewState":{"showFog":true,"showMaterialUpdate":false,"showSkybox":true,"showFlares":true,"showImageEffects":true,"showParticleSystems":true},"in2DMode":false,"pivot":{"x":-36.47771453857422,"y":20.597003936767579,"z":-39.33997344970703},"rotation":{"x":-0.13970829546451569,"y":-0.12530261278152467,"z":0.01782478205859661,"w":-0.9820786118507385},"size":46.98389434814453,"orthographic":false}