{"cameraMode":{"drawMode":0,"name":"Shaded","section":"Shading Mode"},"sceneLighting":false,"audioPlay":false,"sceneViewState":{"showFog":true,"showMaterialUpdate":false,"showSkybox":false,"showFlares":true,"showImageEffects":true,"showParticleSystems":true},"in2DMode":false,"pivot":{"x":0.12026213109493256,"y":0.5535529851913452,"z":-1.7433688640594483},"rotation":{"x":-0.14971241354942323,"y":-0.0243129413574934,"z":0.003683360991999507,"w":-0.9885245561599731},"size":1.6664189100265504,"orthographic":false}